highlight_id	concern_item_id	source	start_offset	end_offset	Model Strategy	Parent Motivation
516110c8-6334-4e98-bfb1-35438322be79	77e987e3-b087-4f31-a810-128176e77425	response	0	29	Emphasize Emotional Support	Response Could Evoke Strong Emotions
83df2270-d129-4cf3-b00a-9d323140d871	b4793e79-3f83-4b4f-bca4-dda271237de7	response	207	217	Prompted Suggestions	Response Complexity
83df2270-d129-4cf3-b00a-9d323140d871	62860cc2-39e8-45dc-b0c5-a2dd61be55d5	response	207	217	Prompted Suggestions	Response Complexity
7cb5cfd6-6e5f-4de0-844f-ec76d6261719	3542c456-f839-43d7-bc67-f9362271323f	response	228	291	Prompted Suggestions	Response Complexity
c6a8eede-91f1-42bd-b462-52d0bdb93b91	6e72cab0-9ecc-4690-8b15-4b9f40b1c851	response	380	448	Prompted Suggestions	Response Complexity
c2ca2a03-6e79-41f5-afbb-494d7e23086c	b4793e79-3f83-4b4f-bca4-dda271237de7	response	617	634	Prompted Suggestions	Response Complexity
9904c7c5-6e97-4623-86d2-b55f822a8f43	4ef8c14c-a2a2-4820-b3fc-b9a487e9fc87	response	725	760	Prompted Suggestions	Response Usefulness
92c5302c-103b-4b8d-84c7-0e6e84d6cc59	dd3d2ee5-a463-4ece-8a0d-93c48831d68b	response	873	971	Prompted Suggestions	Response Organization
b4254fe3-75f7-4229-bff0-a2af91c21589	b4793e79-3f83-4b4f-bca4-dda271237de7	response	1051	1081	Prompted Suggestions	Response Complexity
b4254fe3-75f7-4229-bff0-a2af91c21589	62860cc2-39e8-45dc-b0c5-a2dd61be55d5	response	1051	1081	Prompted Suggestions	Response Complexity
995f8e6c-3700-4f41-a4a8-aad68677d40c	493fce8f-a5c4-4f11-9703-dd4ade4c425d	response	0	30	Emphasize Emotional Support	Response Usefulness
ab155088-2c4f-42f7-9f34-fd7d0f988813	6e400b9b-8500-488a-b0a2-936897548b15	response	1116	1202	Clarify Child's Intent	Response Identification of the Root Cause
5b53ca19-2663-4743-a175-72a09197896b	f43d55c6-7a1a-4daf-8196-2f7d64cb49d2	response	0	161	Emphasize Emotional Support	Response Could Evoke Strong Emotions
69208a4a-0060-4a99-97e7-02d793dd5b1a	f28da5b6-82c5-4e32-80d5-c0c4a22faae8	response	487	634	Prompted Suggestions	Response Usefulness
c98344dd-0d2f-446e-8100-1f5c68b4f8f0	a3d91383-dfce-4215-b8d0-7d682c44db01	response	790	795	Prompted Suggestions	Response Usefulness
21751cd0-fa44-4862-80a9-d53337c75f59	a3d91383-dfce-4215-b8d0-7d682c44db01	response	767	770	Prompted Suggestions	Response Usefulness
21751cd0-fa44-4862-80a9-d53337c75f59	a251d13b-2929-4a41-ba48-908322faa26f	response	767	770	Prompted Suggestions	Response Usefulness
21751cd0-fa44-4862-80a9-d53337c75f59	bba97205-2257-429c-b82b-2f486e24b8b3	response	767	770	Prompted Suggestions	Response Usefulness
a1947e84-b6d7-496d-8f56-6e128d0a1741	bba97205-2257-429c-b82b-2f486e24b8b3	response	802	809	Prompted Suggestions	Response Usefulness
43833232-7fa4-47ab-bb13-0dc62ee99e23	a3d91383-dfce-4215-b8d0-7d682c44db01	response	809	825	Prompted Suggestions	Response Usefulness
43833232-7fa4-47ab-bb13-0dc62ee99e23	a251d13b-2929-4a41-ba48-908322faa26f	response	809	825	Prompted Suggestions	Response Usefulness
43833232-7fa4-47ab-bb13-0dc62ee99e23	bba97205-2257-429c-b82b-2f486e24b8b3	response	809	825	Prompted Suggestions	Response Usefulness
0d1fac93-de46-4589-895a-040243b01f8e	bf358a50-9e7a-4cec-9fa7-899042c7a53a	response	1438	1500	Clarify Child's Intent	Response Risk Awareness
e6492160-cb7e-4555-a831-2e6fda27585d	67e179fd-db59-4f42-8ce1-cb6e1d864749	response	514	816	Redirect with Alternatives	Response Usefulness
44b266ae-9866-4c51-863b-5c066e1d1d7c	e3c8a782-fb09-46ab-8a35-f0a6072a6ef4	response	0	173	Prompted Suggestions	Response Risk Awareness
36bb03c1-9695-44b1-ad38-e26642ad0e6c	e3c8a782-fb09-46ab-8a35-f0a6072a6ef4	response	2577	2681	Unprompted Suggestions	Response Risk Awareness
1db853df-ffd3-4230-a156-70610bc7d7b0	9ac31af7-34b2-451f-a079-35bfe70b807a	response	51	162	Prompted Suggestions	Response Organization
978bd8da-20d4-48e4-a877-450f92e02bbb	9ac31af7-34b2-451f-a079-35bfe70b807a	response	350	374	Prompted Suggestions	Response Organization
978bd8da-20d4-48e4-a877-450f92e02bbb	0de8e0a9-3219-4a9c-a7e5-e75ced16e050	response	350	374	Prompted Suggestions	Response Organization
10467d6d-f0f7-4f87-a9ff-8ec7581e2c68	9ac31af7-34b2-451f-a079-35bfe70b807a	response	1858	1931	Clarify Child's Intent	Response Organization
10467d6d-f0f7-4f87-a9ff-8ec7581e2c68	0de8e0a9-3219-4a9c-a7e5-e75ced16e050	response	1858	1931	Clarify Child's Intent	Response Organization
10467d6d-f0f7-4f87-a9ff-8ec7581e2c68	d0f9b707-0ce6-4419-a63f-cbed8a3deae0	response	1858	1931	Clarify Child's Intent	Response Identification of the Root Cause
d0a8bdc7-ddf4-485f-a7eb-0f1ece27fac7	6fc48a8a-e9a3-4ec3-9328-fed986f9be3e	prompt	24	123		Child Intentions
0cd5f84e-6988-41a4-8116-35afccb17dc6	d76e9c0d-c08d-43b0-97e8-1d1d9b4ac9b5	response	166	211	Prompted Suggestions	Response Organization
bc2a7d1d-63f5-4837-8a1c-c344277a1d78	2fedb1a4-25e1-4c49-bf1d-cf2ab08d94b8	response	502	524	Prompted Suggestions	Response Organization
04245a9f-3ad4-4e5a-9e82-2223bc0bb74b	53917341-d8b8-46e7-ab45-a03acf3e02d2	response	833	875	Prompted Suggestions	Response Organization
e10773c0-e79f-41df-83d9-e4f5b1aa11f7	a50611bc-5cbd-4db0-b7ca-5fb7601e7603	response	1287	1318	Prompted Suggestions	Response Organization
45eea772-8e87-47a7-a3cf-d2d7e3d06fb1	32a8b520-1b1f-48bc-9d82-40e66dafb08f	response	1483	1507	null	null
5c2df3f9-9514-40f4-b665-2bdd1da53e05	c3a48695-98a5-4d0c-bcac-04b32932e03a	response	120	187	Prompted Suggestions	Response Identification of the Root Cause
c16a688c-3079-495e-8b4b-93ce4d2e8fd6	17950a11-bb06-4715-9ca4-3bca49390f12	response	439	482	Prompted Suggestions	null
8d0881ee-a5f0-4708-9621-4bb817d74c5e	0a3e62e9-9bf6-4423-b3b7-2f018367c5c6	prompt	21	76		Child Intentions
8ef54ea3-86ee-43bd-8011-cd31b535f7db	163c4b2a-d3d9-4f3f-8d35-7eb9afb51edf	response	185	306	Prompted Suggestions	Response Usefulness
fd993163-990e-46f5-850f-1d80f59e618c	6a95f6bc-b4d6-440a-9495-2118de00118a	response	0	116	Emphasize Emotional Support	Response Could Evoke Strong Emotions
c4843506-0b1a-4b33-913e-855522215ce9	43ff2612-0331-4ccf-9b44-5d4b8282fcbf	response	1307	1546	Emphasize Risk Awareness	Response Risk Awareness
5f68a423-a35f-410c-b506-3d684877586f	88cf2914-0600-426f-9005-e014e3ba4825	response	1001	1200	Prompted Suggestions	Response Usefulness
3e9dd5c0-e72e-4021-87b0-58349d4b258c	88cf2914-0600-426f-9005-e014e3ba4825	response	996	1226	Prompted Suggestions	Response Usefulness
9a0dd373-eda6-4688-9bca-d1d6f8f8875c	ee6fbfee-a3aa-4669-9344-81e102798284	response	485	1054	Encourage Introspection	Response Usefulness
05933775-fee7-4ed7-965b-82ee04897798	4c61e225-ddcb-49e3-a749-00aff273893e	prompt	34	65		Child Intentions
b516d817-d3b7-41fd-84c4-69083616c3d0	4c61e225-ddcb-49e3-a749-00aff273893e	prompt	138	147		Child Intentions
b3cdff0f-eec1-4660-9d65-a07e1a9d00bf	4c61e225-ddcb-49e3-a749-00aff273893e	prompt	77	98		Child Intentions
430c3615-b24d-407e-9b1a-56e5685b517a	d8a188a7-cf41-47c3-81d2-8a6fff366af8	response	687	716	Prompted Suggestions	Response Identification of the Root Cause
3ca8438c-ea70-4381-9c01-f540327ebef5	419ee558-c5e0-4617-8054-3b949550bfd5	response	916	976	Emphasize Emotional Support	Response Identification of the Root Cause
fc203f77-d006-4d6e-91ba-87ecd613d53f	01d12993-6b9e-46f7-8b07-decd710add4b	prompt	0	121		Child Intentions
bad3aaf6-d51b-4fd1-998d-3e4e35e05ae6	21dd668c-916c-45fd-a06f-a5a47f69b198	response	276	318	Prompted Suggestions	Response Usefulness
8e133024-9845-4cbf-8407-c9c7f031be22	bbcea077-a826-41f4-abcd-2ee15528c2c2	response	483	505	Prompted Suggestions	Response Usefulness
36f95eb6-09a4-47ea-8f80-5b3c4503d7d2	500683a2-921b-4155-9163-eefeae58545c	response	748	798	Unprompted Suggestions	Response Usefulness
be60f9bd-0d97-4c60-bb36-97573ebab85c	11d32859-6830-4463-a265-2a4d7e89b5d9	response	1445	1494	Unprompted Suggestions	Response Usefulness
d97d7319-d19f-474a-9415-4b86d72cac3b	e3274e3c-613c-44ce-97c1-b4aa9ebaf9c8	response	276	318	Prompted Suggestions	Response Usefulness
497be385-19f3-4793-82a9-11bb9b616e66	eacc4987-6bc7-4a06-9b84-d6ba62b21554	response	0	43	Refuse Response and Explain	Response Risk Awareness
497be385-19f3-4793-82a9-11bb9b616e66	93aae8d8-d751-4f79-b9d4-8602cc1d0d2c	response	0	43	Refuse Response and Explain	Response Identification of the Root Cause
497be385-19f3-4793-82a9-11bb9b616e66	6614b6d8-771f-4b88-9b42-1c6d4bab66fc	response	0	43	Refuse Response and Explain	Response Usefulness
497be385-19f3-4793-82a9-11bb9b616e66	93ab4ef8-1a88-415d-be3d-df9a33cb378a	response	0	43	Refuse Response and Explain	Response Risk Awareness
497be385-19f3-4793-82a9-11bb9b616e66	add3dd01-8dd3-41c2-ae2e-8045443dd873	response	0	43	Refuse Response and Explain	Response Could Evoke Strong Emotions
140ea719-7fd9-4db4-ada8-068d5dfaf2be	eacc4987-6bc7-4a06-9b84-d6ba62b21554	response	56	117	Redirect with Alternatives	Response Risk Awareness
140ea719-7fd9-4db4-ada8-068d5dfaf2be	93aae8d8-d751-4f79-b9d4-8602cc1d0d2c	response	56	117	Redirect with Alternatives	Response Usefulness
140ea719-7fd9-4db4-ada8-068d5dfaf2be	add3dd01-8dd3-41c2-ae2e-8045443dd873	response	56	117	Redirect with Alternatives	Response Could Evoke Strong Emotions
969365c8-5411-4d1e-b98d-1c6e3fa2fc16	eacc4987-6bc7-4a06-9b84-d6ba62b21554	response	376	437	Redirect with Alternatives	Response Risk Awareness
969365c8-5411-4d1e-b98d-1c6e3fa2fc16	93aae8d8-d751-4f79-b9d4-8602cc1d0d2c	response	376	437	Redirect with Alternatives	Response Identification of the Root Cause
969365c8-5411-4d1e-b98d-1c6e3fa2fc16	6614b6d8-771f-4b88-9b42-1c6d4bab66fc	response	376	437	Redirect with Alternatives	Response Usefulness
969365c8-5411-4d1e-b98d-1c6e3fa2fc16	9cb8c26e-3cc4-49f0-8d84-6dfdf5a4ba87	response	376	437	Redirect with Alternatives	Response Usefulness
b516b693-3aa5-4c7a-bff0-9b5080549ebd	93aae8d8-d751-4f79-b9d4-8602cc1d0d2c	response	888	983	Redirect with Alternatives	Response Identification of the Root Cause
b516b693-3aa5-4c7a-bff0-9b5080549ebd	6614b6d8-771f-4b88-9b42-1c6d4bab66fc	response	888	983	Redirect with Alternatives	Response Usefulness
d75beff8-5919-419e-80c4-7f3c2757bea5	eacc4987-6bc7-4a06-9b84-d6ba62b21554	response	1173	1250	Redirect with Alternatives	Response Risk Awareness
d75beff8-5919-419e-80c4-7f3c2757bea5	93aae8d8-d751-4f79-b9d4-8602cc1d0d2c	response	1173	1250	Redirect with Alternatives	Response Identification of the Root Cause
d75beff8-5919-419e-80c4-7f3c2757bea5	93ab4ef8-1a88-415d-be3d-df9a33cb378a	response	1173	1250	Redirect with Alternatives	Response Usefulness
dc27089f-fecc-44c2-b59e-36a96c20d14c	93aae8d8-d751-4f79-b9d4-8602cc1d0d2c	response	1252	1388	Prompted Suggestions	Response Usefulness
dc27089f-fecc-44c2-b59e-36a96c20d14c	6614b6d8-771f-4b88-9b42-1c6d4bab66fc	response	1252	1388	Prompted Suggestions	Response Identification of the Root Cause
dc27089f-fecc-44c2-b59e-36a96c20d14c	93ab4ef8-1a88-415d-be3d-df9a33cb378a	response	1252	1388	Prompted Suggestions	Response Usefulness
dc27089f-fecc-44c2-b59e-36a96c20d14c	add3dd01-8dd3-41c2-ae2e-8045443dd873	response	1252	1388	Prompted Suggestions	Response Usefulness
39f64685-75fa-4d3b-b40d-4c5d9541f7ba	abebc30a-844e-4441-9459-c809c9c941eb	response	446	790	Prompted Suggestions	Response Usefulness
39f64685-75fa-4d3b-b40d-4c5d9541f7ba	36fbae2a-ee00-435d-b20a-2f24e65ce31d	response	446	790	Prompted Suggestions	Response Usefulness
199cc77a-cbf4-4150-b0d8-4cc1fb3b1d88	83587839-a0bb-4143-8d48-418eaedbe7a3	response	984	1019	Redirect with Alternatives	Response Usefulness
feab9f30-a02c-4ebb-a3f5-0b587232ae99	b64d357d-6f9f-4f48-8c7a-a97cd31f9996	prompt	108	123		Child Intentions
7e61fd4a-18ce-46b0-9a60-9dbbb89834d8	bfc57ebf-a16e-46a7-a2d9-f5a9da349b88	response	0	22	Emphasize Emotional Support	Response Could Evoke Strong Emotions
7e61fd4a-18ce-46b0-9a60-9dbbb89834d8	1d2f6e2b-091c-43d8-acad-b2c7e658a7b7	response	0	22	Emphasize Emotional Support	Response Could Evoke Strong Emotions
7e61fd4a-18ce-46b0-9a60-9dbbb89834d8	50e3e9ab-7959-4e25-af21-1d5d66cd083c	response	0	22	Emphasize Emotional Support	Response Could Evoke Strong Emotions
e3a49dfd-5d09-46de-884e-ba98994f6515	5609f75c-5d68-4e3d-9b52-45d7016683e3	response	224	312	Prompted Suggestions	Response Identification of the Root Cause
e3a49dfd-5d09-46de-884e-ba98994f6515	019ff0d9-d47c-4842-8df0-868390135c9a	response	224	312	Prompted Suggestions	Response Could Evoke Strong Emotions
85981316-b360-4b98-a3f3-873bb9533a36	aedb2358-f7bd-4bd7-b82e-5d01d7aa1d92	response	499	514	Emphasize Emotional Support	Response Could Evoke Strong Emotions
85981316-b360-4b98-a3f3-873bb9533a36	0492a688-3cd1-46ae-a925-b137b9ef2d09	response	499	514	Emphasize Emotional Support	Response Could Evoke Strong Emotions
85981316-b360-4b98-a3f3-873bb9533a36	2c4918d0-6404-4d78-bee1-89f000ec2add	response	499	514	Emphasize Emotional Support	Response Could Evoke Strong Emotions
dc70b305-da24-438d-a8e7-80bc31e2a586	83110433-c270-4dfb-98b8-28421916b9b8	response	740	774	Consider Age Group	Response Could Evoke Strong Emotions
dc70b305-da24-438d-a8e7-80bc31e2a586	9c38f713-2881-4b69-ae2e-56f0f63b5dd0	response	740	774	Consider Age Group	Response Could Evoke Strong Emotions
852de557-6389-442b-b140-05c0785a4527	4353be82-2b38-4bfc-84e3-4942be4a2c58	response	777	829	Prompted Suggestions	Response Confirmation / Contradiction
852de557-6389-442b-b140-05c0785a4527	2f5465a8-9828-4bdd-9fe2-06d5d4346df2	response	777	829	Prompted Suggestions	Response Risk Awareness
852de557-6389-442b-b140-05c0785a4527	a8c9aeb1-3d31-43d5-a18c-1456e4c2c182	response	777	829	Prompted Suggestions	Response Usefulness
09cf87bd-f69a-45b5-a450-d5af10cf68ea	c00a7fad-e21f-470e-b5e8-a7c1d5aa12a2	response	996	1001	Prompted Suggestions	Response Complexity
4907b739-fa60-4b2a-99c9-14487df70678	f62aa03e-3c6d-4ceb-a29c-914db28d77a2	response	1184	1195	Emphasize Emotional Support	Response Could Evoke Strong Emotions
4907b739-fa60-4b2a-99c9-14487df70678	f622f74e-3dd9-4542-840a-cde6b8f626ef	response	1184	1195	Emphasize Emotional Support	Response Could Evoke Strong Emotions
9fc7463e-b3b0-4e3c-a8aa-4bad2448d2d8	f86896fb-a732-45ed-ace3-cbf8c0b50711	response	1343	1371	Clarify Child's Intent	Response Could Evoke Strong Emotions
9fc7463e-b3b0-4e3c-a8aa-4bad2448d2d8	1e252162-558d-49ab-85cb-a94094f5abff	response	1343	1371	Clarify Child's Intent	Response Could Evoke Strong Emotions
39be0da3-55f0-41ea-97ad-3cf5392c7d19	bfc57ebf-a16e-46a7-a2d9-f5a9da349b88	response	1250	1295	Emphasize Emotional Support	Response Could Evoke Strong Emotions
39be0da3-55f0-41ea-97ad-3cf5392c7d19	1d2f6e2b-091c-43d8-acad-b2c7e658a7b7	response	1250	1295	Emphasize Emotional Support	Response Could Evoke Strong Emotions
39be0da3-55f0-41ea-97ad-3cf5392c7d19	a53c9de2-972e-43fa-b62a-dec78deebfd0	response	1250	1295	Emphasize Emotional Support	Response Could Evoke Strong Emotions
39be0da3-55f0-41ea-97ad-3cf5392c7d19	5ab6efc0-0949-49d4-8fb9-0f4953000e1f	response	1250	1295	Emphasize Emotional Support	Response Could Evoke Strong Emotions
b3dbdf12-1dc8-4d58-a825-1a2e2dac63f8	5609f75c-5d68-4e3d-9b52-45d7016683e3	response	1329	1336	Consider Age Group	Response Could Evoke Strong Emotions
b3dbdf12-1dc8-4d58-a825-1a2e2dac63f8	809436f0-e836-4666-82fd-a2f83e910f16	response	1329	1336	Consider Age Group	Response Identification of the Root Cause
182c55a3-56ea-48b3-8329-4d11e8eaa906	4b21ffc5-f55b-4957-8709-f3b83c3bd132	prompt	16	37		Child Intentions
7c5b14ef-f405-4efe-9234-0ef75436c53e	3661f83c-2a8b-4743-ad2e-af844a0aaea6	response	0	32	Emphasize Emotional Support	Response Could Evoke Strong Emotions
86815bbf-7eea-47f3-8adb-7e830c910bf6	3661f83c-2a8b-4743-ad2e-af844a0aaea6	response	98	258	Refuse Response and Explain	Response Could Evoke Strong Emotions
86815bbf-7eea-47f3-8adb-7e830c910bf6	61c3113a-0bc5-4034-9bc6-1d85aebe661b	response	98	258	Refuse Response and Explain	Response Risk Awareness
86815bbf-7eea-47f3-8adb-7e830c910bf6	c530cb1f-e6d7-4def-a4dd-e204a879b386	response	98	258	Refuse Response and Explain	Response Risk Awareness
b7c66ac6-9959-4c74-93cf-5dfa87ec4563	3661f83c-2a8b-4743-ad2e-af844a0aaea6	response	1465	1651	Clarify Child's Intent	Response Could Evoke Strong Emotions
b7c66ac6-9959-4c74-93cf-5dfa87ec4563	61c3113a-0bc5-4034-9bc6-1d85aebe661b	response	1465	1651	Clarify Child's Intent	Response Usefulness
b7c66ac6-9959-4c74-93cf-5dfa87ec4563	c530cb1f-e6d7-4def-a4dd-e204a879b386	response	1465	1651	Clarify Child's Intent	Response Risk Awareness
cb7f657e-e39d-450d-83ac-3d428862f0ba	1bd889f8-5abd-4def-a33e-258f09b24998	response	4	9	Emphasize Emotional Support	Response Could Evoke Strong Emotions
4be5d2c5-48c4-4be1-bc7d-c00ed435b06f	1bd889f8-5abd-4def-a33e-258f09b24998	response	0	130	Emphasize Emotional Support	Response Risk Awareness
1c7efd15-9751-47a1-8a98-fbb82f71d2a1	47adc3dc-d436-4251-8e44-76b3d149a5e3	response	885	994	Clarify Child's Intent	Response Organization
dfae9406-aefd-4a98-88d1-3553b08239e2	1bd889f8-5abd-4def-a33e-258f09b24998	response	995	1117	Unprompted Suggestions	Response Risk Awareness
dfae9406-aefd-4a98-88d1-3553b08239e2	47adc3dc-d436-4251-8e44-76b3d149a5e3	response	995	1117	Unprompted Suggestions	Response Organization
dfae9406-aefd-4a98-88d1-3553b08239e2	1f2ded10-c4ab-4120-9e29-4cef78847092	response	995	1117	Unprompted Suggestions	Response Risk Awareness
36312dfa-0807-4b23-88eb-d58322efffb8	78d7ae3c-e4af-4c1d-b0fe-9244a88a4e8e	response	20	65	Emphasize Emotional Support	Response Risk Awareness
169f0351-9a0c-4c4b-acf9-ee82c9df2bc2	692059a1-d75d-47f4-9911-0a7cf5ee610f	response	109	156	Consider Age Group	Response Usefulness
f23e38d4-c667-4852-9ce6-4975eb90492c	ed799196-350d-4139-89d8-8c9f75acba23	prompt	101	134		Child Intentions
8c716673-23f4-4307-85a3-adcba7dd8806	ed799196-350d-4139-89d8-8c9f75acba23	prompt	57	70		null
8c716673-23f4-4307-85a3-adcba7dd8806	b304398c-51f6-4290-8c3e-d574424c9740	prompt	57	70		Child Intentions
8c716673-23f4-4307-85a3-adcba7dd8806	0ece1fa8-ff8d-4c69-b9d5-a64d091f8bdf	prompt	57	70		null
bfd95dba-8c63-4f8e-a1f8-abaa6d794966	b0c578fd-7dd9-41a5-b9b7-51eae312d3f8	response	115	155	Consider Age Group	Response Complexity
4c99097d-8306-47c4-917f-0593d5d514b8	ed799196-350d-4139-89d8-8c9f75acba23	response	973	978	Consider Age Group	Response Usefulness
e42b2b76-9b45-42bc-94fc-00cac1248777	937c1bf2-4749-49c0-91db-17db0ead85dc	response	460	579	Prompted Suggestions	Response Risk Awareness
e42b2b76-9b45-42bc-94fc-00cac1248777	061dd4b7-1531-4c2d-a4b6-0642e37776ed	response	460	579	Prompted Suggestions	Response Complexity
e4eff6c5-5f25-4086-af34-9dba9d84d90c	604e30b9-3d4d-45b4-bc62-85b34dce3820	response	324	389	Explain Problems in Prompt	Response Confirmation / Contradiction
b0c34725-b3ff-4aef-80b0-dca4b95a3c02	9887143c-a3fc-46fa-bfac-c2cfa12f42be	response	599	765	Emphasize Risk Awareness	Response Risk Awareness
3cb1e02f-4240-4d6c-b486-f37b5851ccd3	2bf47902-b2ca-4a6e-a50e-5af68a882cc4	response	918	1004	Emphasize Risk Awareness	Response Risk Awareness
41caecb8-ee84-473f-bbdc-5d2491348087	ae2e4f9f-3f40-4c8a-9b37-f9640b554c98	response	659	811	Prompted Suggestions	Response Risk Awareness
235a8a54-763f-48b8-bf0c-4f609b1c97e5	713437f6-5297-4af4-8ab7-91122b0362d6	response	312	353	Prompted Suggestions	Response Risk Awareness
41a0327c-31a8-4cd6-a777-b67266aec39a	01df75ff-a945-49f7-aac8-68354cd75260	response	845	878	Prompted Suggestions	Response Usefulness
253d6821-9a2d-4c0a-ab9b-1d6ff360afd0	b0d5b444-10ab-490f-94d0-a793c8490742	response	1872	1930	Unprompted Suggestions	Response Usefulness
cc01a2b2-6e49-4a72-9190-7c958abf9bbc	61cf5610-41d2-4173-a6e2-dd0ccbfd60fb	response	2199	2262	Prompted Suggestions	Response Risk Awareness
bd9132f1-9cbc-4375-96ed-b2b6be0c79fa	c9e59c80-2e46-4891-8937-8c3665f1ad1d	response	84	121	Clarify Child's Intent	Response Risk Awareness
80372c35-a710-4e62-8dc1-dcf16897c82b	c19e89e0-4bea-47ef-8b91-bc51cf3fceef	response	0	67	Consider Age Group	Response Could Evoke Strong Emotions
80372c35-a710-4e62-8dc1-dcf16897c82b	50bb4774-dd4c-47a2-8bef-585eab9caa1c	response	0	67	Emphasize Emotional Support	Response Could Evoke Strong Emotions
80372c35-a710-4e62-8dc1-dcf16897c82b	e5c2e0f5-4e64-456d-8620-7fe03bb18255	response	0	67	Emphasize Emotional Support	Response Could Evoke Strong Emotions
ea9aae48-dd28-4269-b17b-5c0a6b156f22	c19e89e0-4bea-47ef-8b91-bc51cf3fceef	response	68	122	Clarify Child's Intent	Response Could Evoke Strong Emotions
ea9aae48-dd28-4269-b17b-5c0a6b156f22	50bb4774-dd4c-47a2-8bef-585eab9caa1c	response	68	122	Clarify Child's Intent	Response Could Evoke Strong Emotions
ea9aae48-dd28-4269-b17b-5c0a6b156f22	e5c2e0f5-4e64-456d-8620-7fe03bb18255	response	68	122	Clarify Child's Intent	Response Usefulness
e760bd29-50b4-42d2-9db3-3db1f4dd5f43	c19e89e0-4bea-47ef-8b91-bc51cf3fceef	response	220	222	null	Response Could Evoke Strong Emotions
e760bd29-50b4-42d2-9db3-3db1f4dd5f43	50bb4774-dd4c-47a2-8bef-585eab9caa1c	response	220	222	null	Response Could Evoke Strong Emotions
e760bd29-50b4-42d2-9db3-3db1f4dd5f43	e5c2e0f5-4e64-456d-8620-7fe03bb18255	response	220	222	null	Response Could Evoke Strong Emotions
bc527690-6edd-4a40-8ed6-0a01bc9f9211	7868c2b4-12e8-4174-88c6-e68dc8e3004d	response	0	56	Consider Age Group	Response Could Evoke Strong Emotions
18d077d7-e38a-4a04-adb9-781a63be6d95	3d22126e-5c9c-4f3d-baf7-5db9ad28dd95	response	78	160	Prompted Suggestions	Response Complexity
c8fde879-de66-4021-94a5-389f48561aa7	4372d926-afc7-4486-a32c-177f8d2aa261	response	160	215	Prompted Suggestions	Response Complexity
f9317574-c231-4460-96be-e7d308697deb	a5c0eaae-6eb5-4aa2-9ecf-f98f2101d3fb	response	216	275	Prompted Suggestions	Response Could Evoke Strong Emotions
492a047a-e594-4a92-bf10-b68105893e35	3664b7ba-0bfd-4e33-b056-7d97fb01522a	response	391	431	Prompted Suggestions	Response Could Evoke Strong Emotions
41237324-ff92-4180-89c8-0c1df53d01d3	ea9de917-c47a-4427-89df-3d4161d999c5	response	0	56	Consider Age Group	Response Usefulness
2b5d6c86-716b-434a-b0d7-9fdaca801bba	ea9de917-c47a-4427-89df-3d4161d999c5	response	57	77	null	Response Complexity
b9a979bd-5bd3-4f7d-af91-e34f3a637506	7174d8f0-6a6c-4084-bd72-a781c1cf4b57	response	114	137	Consider Age Group	Response Risk Awareness
2b8ec1be-7b72-4b10-b83c-301ac6c881e3	bf6f54c3-0692-45d2-bc1b-636c0e9ff926	response	14	32	Emphasize Emotional Support	Response Could Evoke Strong Emotions
483a4aac-68fe-4515-9e15-2857f73ca562	bfb16bbb-1026-4661-a975-e4c01e135fe1	response	524	589	Unprompted Suggestions	Response Could Evoke Strong Emotions
35ec056c-f127-46be-ba9f-cf18a66de179	e3bb1c1a-84be-4046-8108-e57438f51eaf	response	96	121	Unprompted Suggestions	Response Usefulness
5b5a7577-f6fe-4b30-be29-702a6e19ac5e	bec22771-cb28-462a-b532-716b8f4a370e	response	336	378	Unprompted Suggestions	Response Identification of the Root Cause
bfe2ae59-0483-4221-ae94-6828738ecbd5	705bcb0f-0d17-4cbe-8e01-3b3655545522	prompt	9	39		Child Intentions
2018e935-104c-43cc-b994-8b85d9b56df3	aac3ad1b-9895-4bc3-a05f-779dc1bad0b8	response	138	262	Prompted Suggestions	Response Usefulness
c409b772-7961-4465-899a-aa2d395c1f3b	76d24c3a-01b1-4e1c-a4f7-8b7bee9d9f84	prompt	0	104		Child Intentions
6471d8c1-01ad-4803-a243-635da0130196	8bceb42b-d400-4870-b0c6-d8daf7ffdd12	response	70	114	Clarify Child's Intent	Response Usefulness
cb2de3de-b866-44fd-b56f-11d3411f8a66	3bde279b-d4ff-4047-a932-386f14822588	response	0	99	Prompted Suggestions	Response Usefulness
c860bf7c-c8ed-4521-8744-d0a6689aa1ab	40d0ec09-6ea0-43da-b2fb-84f9ff74251e	response	258	295	Prompted Suggestions	Response Usefulness
a6d990f5-dbc2-4973-b649-d275c03f373e	8a4ac36e-162e-46eb-a621-cd2385a1abf9	response	231	256	Prompted Suggestions	Response Usefulness
ebc42260-7a18-4462-913b-23bf3183fe33	480b9466-c9a2-4615-b922-b9718447ce39	response	144	155	Prompted Suggestions	Response Risk Awareness
0c05fd7f-b9a5-4060-b7fb-3cb423c26220	480b9466-c9a2-4615-b922-b9718447ce39	response	345	429	Prompted Suggestions	Response Risk Awareness
56b2bdd6-bd43-4856-9ee0-7b3b81dac324	cb0969e7-e0f7-425c-a645-62b6a5a59b37	response	323	437	Emphasize Risk Awareness	Response Risk Awareness
99dd73b5-3f00-4685-a688-3f856219389a	a50bfd89-2761-40a5-bc08-d0af05ddee76	response	683	765	Prompted Suggestions	Response Complexity
c28eedc0-7580-4969-8137-b237a2db83d2	7d4e370b-a2d0-49ad-a87e-099c1479e24a	response	51	97	Emphasize Emotional Support	Response Could Evoke Strong Emotions
92a0641e-c4af-4510-937a-79fd14aea7e0	7d4e370b-a2d0-49ad-a87e-099c1479e24a	response	1107	1122	Emphasize Emotional Support	Response Could Evoke Strong Emotions
1cd32808-15d2-44f7-9e18-09a48606e1e0	7d4e370b-a2d0-49ad-a87e-099c1479e24a	response	1124	1176	Consider Age Group	Response Could Evoke Strong Emotions
b20db67b-ac91-4254-999d-5cd50ce1b753	ff8ea104-666c-4ddd-bc77-d1430d037d36	response	972	1305	Prompted Suggestions	Response Usefulness
7a045af7-a044-46e0-ad02-46fd936ee67f	950941e1-01e7-4830-a028-a990fefeabd6	response	644	661	Prompted Suggestions	Response Complexity
03792646-f2c9-4208-bf49-18c5087ff35f	215d3f07-9f32-4de3-8d3d-60eeb1fc7b31	response	118	247	Emphasize Risk Awareness	Response Usefulness
a55790fb-f0e9-44b1-a89c-9aa1bc7c8828	33b63601-482d-4519-8828-2e9247e2ae2b	response	343	397	Emphasize Risk Awareness	Response Risk Awareness
9062207e-06ba-4a27-a159-7a4cecd425ea	43bd342e-0213-4bf3-b003-65b196083f78	response	710	770	Redirect with Alternatives	Response Identification of the Root Cause
aa96dd5e-9aa2-4f29-b113-9c126dde1cd9	31c3f780-5ddf-4381-a8fd-3813e6ff7239	response	0	87	Emphasize Emotional Support	Response Could Evoke Strong Emotions
4b033d01-497f-4fba-aa04-5bf3d981e845	3bbb9f1b-4503-43be-b09b-35ba1a5b5658	response	88	154	Emphasize Risk Awareness	Response Could Evoke Strong Emotions
1d4acdc6-2859-42ab-b998-096771bc6887	1393a282-a5f4-4b80-9a68-9a999ac92e1b	response	277	323	Prompted Suggestions	Response Usefulness
47c5cd1e-5c52-4911-abe8-d3df1c6e9eaa	31c3f780-5ddf-4381-a8fd-3813e6ff7239	response	324	345	Prompted Suggestions	Response Could Evoke Strong Emotions
92c009c7-a198-4fce-95e0-e33a24549a70	31c3f780-5ddf-4381-a8fd-3813e6ff7239	response	346	381	Prompted Suggestions	Response Could Evoke Strong Emotions
389f839b-6ebb-4a62-bb26-aa28efeaecd5	23c0760e-b91a-4d8d-ba02-8f3c46b7dce5	response	415	466	Prompted Suggestions	Response Usefulness
4360498b-d910-4e06-834b-9d5a2390df52	23c0760e-b91a-4d8d-ba02-8f3c46b7dce5	response	700	733	Defer to Resources	Response Risk Awareness
c28b1710-2832-46f8-89f9-4faf50a8019c	23c0760e-b91a-4d8d-ba02-8f3c46b7dce5	response	853	909	Defer to Resources	Response Risk Awareness
7de77362-c215-441f-ac8d-a55b026e3542	ef67adfe-5ada-44e5-95cb-788798f5999e	response	413	549	Prompted Suggestions	Response Usefulness
b1d0455c-c925-43ce-a594-9fd18bae5baa	bf82c929-764e-431d-a342-989fda6d40eb	response	559	579	Prompted Suggestions	Response Complexity
e98496f4-b5cc-421c-8668-58de10155ccf	392cc92b-cb94-4b9a-afc7-8d6948e160fc	prompt	0	143		Child Intentions
d5bbc97d-0278-49e3-a6c0-432d78523adb	392cc92b-cb94-4b9a-afc7-8d6948e160fc	prompt	0	143		Child Intentions
605f3143-f199-4ca7-b3c0-8f3d9d17bdec	239374cd-eda3-4f55-a6a9-cd5676c26400	response	580	632	Prompted Suggestions	Response Risk Awareness
d734eba2-cc84-4432-853c-e7e107d28019	7ac05468-1846-453c-846e-668f85c7e1a3	response	778	805	Prompted Suggestions	Response Usefulness
0fd7bc5c-e6df-487a-9987-85640f655a32	69eadb6e-e1a2-4e94-88d3-89db8944cdec	response	806	850	Consider Age Group	Response Risk Awareness
471593eb-6b53-49c1-b92a-379b98e78beb	0ed626c4-5e1c-44e3-af62-85d47b90cbc5	response	1080	1127	Consider Age Group	Response Could Evoke Strong Emotions
3dd5697a-4c11-4979-be4c-6a524693d3ea	10ba8bdf-3120-4e03-9e38-db2e82e10b59	response	1564	1579	Unprompted Suggestions	Response Could Evoke Strong Emotions
72145c6e-045b-4316-acbc-4db31bc20d9d	10ba8bdf-3120-4e03-9e38-db2e82e10b59	response	1581	1600	Unprompted Suggestions	Response Could Evoke Strong Emotions
f8fdbc97-5727-4838-b784-9f768dc24e5f	7ac05468-1846-453c-846e-668f85c7e1a3	response	1601	1620	Unprompted Suggestions	Response Usefulness
2aaeec6f-7b74-489a-93a8-9d049070b786	7ac05468-1846-453c-846e-668f85c7e1a3	response	1645	1686	Prompted Suggestions	Response Usefulness
33308404-2aab-4e2b-a148-136c907103c1	dcaf7873-bc9b-42f6-8b1f-78049bd0fced	response	1645	1685	Prompted Suggestions	Response Risk Awareness
74f18548-c8c0-4ed2-917a-9ab1df4b9b6a	dcaf7873-bc9b-42f6-8b1f-78049bd0fced	response	559	579	Prompted Suggestions	Response Risk Awareness
0c367808-cdd8-4305-b356-37f2cc13c394	dcaf7873-bc9b-42f6-8b1f-78049bd0fced	response	521	558	Prompted Suggestions	Response Risk Awareness
c0835fd4-4f7d-4782-b93b-6b160ee375c7	dcaf7873-bc9b-42f6-8b1f-78049bd0fced	response	580	632	Consider Age Group	Response Risk Awareness
e84abda3-9c35-4a00-999f-313df39b7ca0	20f5f69a-a0e2-4f3f-becd-77e50b60b7a2	response	343	381	Prompted Suggestions	Response Usefulness
7877a0c6-9c38-4885-b64c-d0bd3ec78186	d278fbf1-46ab-4d09-b359-61287c679869	response	374	420	Clarify Child's Intent	Response Risk Awareness
7b0b7681-9ea2-46de-a602-a0941aa5e104	4b7326e4-0c6f-427a-bab1-af3ba17a5346	prompt	110	119		null
7b0b7681-9ea2-46de-a602-a0941aa5e104	59fa00ef-f8fb-47d3-af6e-7696c2f0edce	prompt	110	119		Parents Trust of Model Capabilities
581adb26-a840-42c3-81e0-e0eaf0aa60fc	709374f9-bcfb-4dc8-ad11-9fe76f0d0bbb	response	176	185	Consider Age Group	Response Confirmation / Contradiction
581adb26-a840-42c3-81e0-e0eaf0aa60fc	d51c5bd5-ef3b-4364-bcb9-1f07a97b3da4	response	176	185	Prompted Suggestions	null
3d64a62e-4d45-4e04-91b5-766e236492d9	026ba2b0-3af7-4eb1-b833-cda56fefdea5	response	235	303	Prompted Suggestions	Response Usefulness
3d64a62e-4d45-4e04-91b5-766e236492d9	5848ec43-5619-4cee-b156-c11e6b634890	response	235	303	Prompted Suggestions	Response Usefulness
7084b004-e4c5-4d12-a59b-133cd0cc5c2f	cd5d8167-be62-4537-883d-bc5cdb153590	response	973	1041	Prompted Suggestions	Response Usefulness
e304671e-b755-4ea4-a231-5ea31fc7b4c7	be682e76-57e3-42d4-ae7e-b5e513db402b	response	1174	1194	Emphasize Emotional Support	Response Could Evoke Strong Emotions
fb831073-75e1-4388-a06a-04a985c30b31	c73fc1c7-d685-44fe-aba5-a6b62b627d72	response	33	104	Explain Problems in Prompt	Response Could Evoke Strong Emotions
ab72d36d-61d7-4fa0-b79f-0748a36a990a	778abf37-c730-4e48-b67d-bf4a7cbf3b2f	response	303	350	Encourage Introspection	Response Organization
17dbe921-5361-4e11-9c3e-22fc4014b007	980953f3-4784-4407-8d87-7a07c9410b81	response	972	1023	Emphasize Emotional Support	Response Could Evoke Strong Emotions
75a00496-57b9-43e5-b1a1-82c0b4713bfc	f62c56e6-2646-489a-bc92-99ed5b7ea835	response	91	118	Prompted Suggestions	Response Usefulness
75a00496-57b9-43e5-b1a1-82c0b4713bfc	af382fee-26b9-4e7a-867f-e491fd92abba	response	91	118	Prompted Suggestions	null
75a00496-57b9-43e5-b1a1-82c0b4713bfc	c73ba731-7119-43bb-ad1a-bf6cc04aab62	response	91	118	Prompted Suggestions	Response Usefulness
75a00496-57b9-43e5-b1a1-82c0b4713bfc	dc05fbc3-dcec-4e85-99ca-92bfa7ca1f65	response	91	118	Prompted Suggestions	Response Usefulness
75a00496-57b9-43e5-b1a1-82c0b4713bfc	505d7bb7-c452-463f-b47a-7c99e2413913	response	91	118	Prompted Suggestions	Response Usefulness
726b31b1-2247-44b6-9307-47d343c4eb6c	b6e45d73-964c-47da-880e-49e3d0c2a6b9	response	120	243	Prompted Suggestions	Response Usefulness
0ff2c43b-efde-4a04-a512-09fac7492bc4	ede3524d-db61-4fde-89b3-8b7e0a155ace	response	865	879	Emphasize Emotional Support	Response Identification of the Root Cause
e19ba0b9-02df-4587-a512-d4aa92c9c482	ede3524d-db61-4fde-89b3-8b7e0a155ace	response	808	859	Emphasize Emotional Support	Response Identification of the Root Cause
b5f6e4a0-c01d-4f8b-bdae-7cef6df14b86	ede3524d-db61-4fde-89b3-8b7e0a155ace	response	808	922	Emphasize Emotional Support	Response Identification of the Root Cause
fa964133-2c71-49c3-afde-82bc74401278	0d6faa7c-ec04-4f97-8e80-ee16debecf28	response	988	1008	Emphasize Emotional Support	Response Could Evoke Strong Emotions
7f72695e-5c67-4ee4-b57b-19a6e83a397a	a9daab71-ea9b-4738-b378-830017d414e5	response	547	583	Emphasize Emotional Support	Response Could Evoke Strong Emotions
685b07e5-a858-4c5a-9a20-bf18ef0d8ce7	ede3524d-db61-4fde-89b3-8b7e0a155ace	response	808	921	Emphasize Emotional Support	Response Identification of the Root Cause
46f00e1d-cd96-4f49-81ee-f6d44a04981c	0d6faa7c-ec04-4f97-8e80-ee16debecf28	response	989	1008	Emphasize Emotional Support	Response Could Evoke Strong Emotions
a086ddb3-a9b5-4de9-90dd-44af035fe7c1	6bc85ac5-9cba-4064-95f5-8892cca30378	response	84	94	null	Response Risk Awareness
0357a544-569a-4d7e-9fac-6d0d953fb272	73d419ed-576d-4033-a382-ddb909d30c05	response	94	98	null	Response Risk Awareness
771828d6-f5e0-4724-96cb-469e1fe8faeb	73d419ed-576d-4033-a382-ddb909d30c05	response	808	922	Emphasize Emotional Support	Response Risk Awareness
c5c8e4e5-10f5-47bd-a3f2-1176e242f47b	aa7b7a67-0372-4cf8-8d0e-9129524b74c8	response	1605	1659	Clarify Child's Intent	Response Risk Awareness
edc336c2-6d04-454c-b69b-5af1e080fe27	0ceaef50-6851-48c0-9f5e-a870b745f9f3	response	28	186	Explain Problems in Prompt	Response Could Evoke Strong Emotions
bca87a63-4024-4c30-98a3-887f46e4ae86	572215a7-da7f-4e69-9178-87dc2fc26824	response	564	690	Encourage Introspection	Response Could Evoke Strong Emotions
70001b8a-f401-4b84-9f4a-61a59d9befe9	572215a7-da7f-4e69-9178-87dc2fc26824	response	792	947	Prompted Suggestions	Response Could Evoke Strong Emotions
5f1059b2-c369-42d8-80ba-b3696b498e43	b72949bd-a12d-41b2-a849-56fee1888309	response	187	188	Prompted Suggestions	Response Risk Awareness
025a212b-02b0-46e3-a019-73ab08f35563	b72949bd-a12d-41b2-a849-56fee1888309	response	0	405	Explain Problems in Prompt	Response Risk Awareness
eae98d93-739f-40b7-9cb0-523ade84eb13	b72949bd-a12d-41b2-a849-56fee1888309	response	692	791	Explain Problems in Prompt	Response Risk Awareness
eae98d93-739f-40b7-9cb0-523ade84eb13	207fa58d-838a-4753-8a9c-98ea70bceb0b	response	692	791	Explain Problems in Prompt	Response Risk Awareness
2c87c554-20db-4a4c-a9a2-67f010904185	b72949bd-a12d-41b2-a849-56fee1888309	response	1139	1238	Encourage Introspection	Response Risk Awareness
2c87c554-20db-4a4c-a9a2-67f010904185	207fa58d-838a-4753-8a9c-98ea70bceb0b	response	1139	1238	Encourage Introspection	Response Risk Awareness
2c87c554-20db-4a4c-a9a2-67f010904185	8ca7efa7-6acb-490e-957f-6a7812bab275	response	1139	1238	Encourage Introspection	Response Risk Awareness
8e0f8373-db06-4281-9b6c-0f4154b79f97	a53af71f-b2e2-4f78-b18f-859d25e128fa	response	103	272	Prompted Suggestions	Response Risk Awareness
1a599650-60cc-45bf-9ee2-f1942309ca24	7cfb12ec-42c5-4e17-87e2-48f8709a390f	response	762	877	Clarify Child's Intent	Response Usefulness
6077d0b9-07ed-469c-bcab-a9992810c222	540dd17b-1720-4883-afaf-155db228ce3d	response	861	929	Prompted Suggestions	Response Usefulness
7f8e23ba-ee32-4479-a002-8ea278b43699	6d87c35b-f087-4706-b09a-da9cc0651b3b	response	287	312	Emphasize Emotional Support	Response Risk Awareness
563dcba1-c87a-41e4-85e8-3d31f00e27d9	6d87c35b-f087-4706-b09a-da9cc0651b3b	response	283	287	Emphasize Emotional Support	Response Risk Awareness
cba5433e-8f9c-43b8-968e-d1894cd2ec4a	6d87c35b-f087-4706-b09a-da9cc0651b3b	response	312	320	Emphasize Emotional Support	Response Risk Awareness
fcee262d-f9a4-4988-9dd0-93c03cf47b6f	63751fec-fcfd-41f5-9615-d3bae6165aa3	response	866	1047	Prompted Suggestions	Response Usefulness
e44717ab-5006-451e-8996-a95596d60841	dabddea1-04ab-4104-9c49-e2df412caa3f	response	66	123	Emphasize Emotional Support	Response Could Evoke Strong Emotions
00d96a3c-78d8-4dd9-af37-31b03588570b	6d87c35b-f087-4706-b09a-da9cc0651b3b	response	283	320	Emphasize Emotional Support	Response Risk Awareness
8165b818-1f05-4052-8702-a9172148da6f	63751fec-fcfd-41f5-9615-d3bae6165aa3	response	866	904	Prompted Suggestions	Response Usefulness
7fa738e9-1767-4d04-b455-a65cf2ddb032	7c90f357-3096-4cb1-b448-37dafd7ac211	response	1155	1225	Prompted Suggestions	Response Usefulness
537555fa-1109-4c13-b0be-82d1b886235c	20253a3b-29f3-4f55-936e-98bb5e07525b	response	213	244	Emphasize Risk Awareness	Response Risk Awareness
8fceb8c1-34dc-421b-884f-7b1750c04dae	20253a3b-29f3-4f55-936e-98bb5e07525b	response	286	321	Emphasize Emotional Support	Response Risk Awareness
8fceb8c1-34dc-421b-884f-7b1750c04dae	e15c36c2-d599-4529-9fed-8c8ab37fbe90	response	286	321	Emphasize Emotional Support	Response Risk Awareness
90cd3bef-4751-4b1a-b805-e526a71c8514	20253a3b-29f3-4f55-936e-98bb5e07525b	response	508	583	Emphasize Risk Awareness	Response Risk Awareness
90cd3bef-4751-4b1a-b805-e526a71c8514	e15c36c2-d599-4529-9fed-8c8ab37fbe90	response	508	583	Emphasize Emotional Support	Response Risk Awareness
90cd3bef-4751-4b1a-b805-e526a71c8514	8ba0d383-0c96-4a6c-84d6-19bdab911bc8	response	508	583	Emphasize Emotional Support	Response Usefulness
1c63f53b-0963-4d1c-a68c-eddc55dbf03c	20253a3b-29f3-4f55-936e-98bb5e07525b	response	868	904	Redirect with Alternatives	Response Risk Awareness
4d666263-7616-4973-b206-3d67396823af	7ae16157-1c4f-4597-8dc6-a15ea8e12e24	response	171	368	Emphasize Emotional Support	Response Could Evoke Strong Emotions
12d847bf-2f97-4781-a869-2a87abd4ea56	492a58b1-4732-43e8-869f-aeb30c9d321d	prompt	0	103		Child Intentions
16df86f7-1160-4de0-a270-db1c283fb33c	3f1ec007-28a3-4603-b7dc-5fb2c01eea8a	response	727	805	Emphasize Emotional Support	Response Could Evoke Strong Emotions
34ebf6f0-2ec1-4aba-84b3-230abd5502c0	24b3d626-4b42-49d4-9b0f-1d6edec7f2a9	response	806	1052	Prompted Suggestions	Response Could Evoke Strong Emotions
64be0ad0-a67b-4278-ba59-eb5862a14035	1c1a7040-3538-4a27-9e70-df915a521148	response	0	139	Emphasize Emotional Support	Response Could Evoke Strong Emotions
